PEOPLE_POSITIVE_CASES_COUNT,REPORT_DATE,PEOPLE_DEATH_NEW_COUNT,COUNTRY_SHORT_NAME,PEOPLE_POSITIVE_NEW_CASES_COUNT,PEOPLE_DEATH_COUNT
102051,7/29/20,63,Indonesia,1748,4901
2810,7/29/20,0,Sri Lanka,5,11
276288,7/29/20,27,Pakistan,1063,5892
92947,7/29/20,39,Egypt,465,4691
2483191,7/29/20,921,Brazil,40816,88539
229185,7/29/20,35,Bangladesh,2960,3000
1531669,7/29/20,768,India,48513,34193
226225,7/28/20,37,Bangladesh,2772,2965
92482,7/28/20,46,Egypt,420,4652
2442375,7/28/20,614,Brazil,23284,87618
275225,7/28/20,23,Pakistan,936,5865
100303,7/28/20,57,Indonesia,1525,4838
2805,7/28/20,0,Sri Lanka,23,11
1483156,7/28/20,654,India,47703,33425
223453,7/27/20,54,Bangladesh,2275,2928
2419091,7/27/20,555,Brazil,24578,87004
92062,7/27/20,48,Egypt,479,4606
98778,7/27/20,67,Indonesia,1492,4781
274289,7/27/20,20,Pakistan,1176,5842
2782,7/27/20,0,Sri Lanka,12,11
1435453,7/27/20,708,India,49931,32771
2770,7/26/20,0,Sri Lanka,6,11
273113,7/26/20,35,Pakistan,1226,5822
221178,7/26/20,38,Bangladesh,2520,2874
91583,7/26/20,40,Egypt,511,4558
2394513,7/26/20,1211,Brazil,51147,86449
97286,7/26/20,49,Indonesia,1868,4714
1385522,7/26/20,705,India,48661,32063
2343366,7/25/20,1156,Brazil,55891,85238
95418,7/25/20,89,Indonesia,1761,4665
2764,7/25/20,0,Sri Lanka,11,11
218658,7/25/20,35,Bangladesh,2548,2836
271887,7/25/20,24,Pakistan,1487,5787
91072,7/25/20,38,Egypt,659,4518
1336861,7/25/20,757,India,48916,31358
93657,7/24/20,117,Indonesia,1906,4576
270400,7/24/20,54,Pakistan,1209,5763
2287475,7/24/20,1311,Brazil,59961,84082
2753,7/24/20,0,Sri Lanka,1,11
216110,7/24/20,50,Bangladesh,2856,2801
1287945,7/24/20,740,India,49310,30601
90413,7/24/20,40,Egypt,668,4480
91751,7/23/20,139,Indonesia,1882,4459
2752,7/23/20,0,Sri Lanka,22,11
2227514,7/23/20,1284,Brazil,67860,82771
269191,7/23/20,32,Pakistan,1763,5709
213254,7/23/20,42,Bangladesh,2744,2751
89745,7/23/20,41,Egypt,667,4440
1238635,7/23/20,1129,India,45720,29861
267428,7/22/20,38,Pakistan,1332,5677
210510,7/22/20,41,Bangladesh,3057,2709
2159654,7/22/20,1367,Brazil,41008,81487
89869,7/22/20,81,Indonesia,1655,4320
2730,7/22/20,0,Sri Lanka,0,11
89078,7/22/20,47,Egypt,676,4399
1192915,7/22/20,648,India,37724,28732
2118646,7/21/20,632,Brazil,20257,80120
2730,7/21/20,0,Sri Lanka,6,11
88214,7/21/20,96,Indonesia,1693,4239
207453,7/21/20,50,Bangladesh,2928,2668
266096,7/21/20,40,Pakistan,1013,5639
88402,7/21/20,50,Egypt,627,4352
1155191,7/21/20,587,India,37148,28084
86521,7/20/20,127,Indonesia,1639,4143
2724,7/20/20,0,Sri Lanka,20,11
204525,7/20/20,37,Bangladesh,2459,2618
2098389,7/20/20,716,Brazil,23529,79488
265083,7/20/20,31,Pakistan,1587,5599
87775,7/20/20,51,Egypt,603,4302
1118043,7/20/20,681,India,40425,27497
87172,7/19/20,63,Egypt,698,4251
84882,7/19/20,59,Indonesia,1752,4016
2074860,7/19/20,921,Brazil,28532,78772
263496,7/19/20,46,Pakistan,1579,5568
2704,7/19/20,0,Sri Lanka,7,11
202066,7/19/20,34,Bangladesh,2709,2581
1077618,7/19/20,543,India,38902,26816
261917,7/18/20,47,Pakistan,1918,5522
86474,7/18/20,68,Egypt,703,4188
2046328,7/18/20,1163,Brazil,34177,77851
2697,7/18/20,0,Sri Lanka,10,11
199357,7/18/20,51,Bangladesh,3034,2547
1038716,7/18/20,671,India,34884,26273
83130,7/18/20,84,Indonesia,1462,3957
259999,7/17/20,49,Pakistan,2085,5475
2687,7/17/20,0,Sri Lanka,13,11
81668,7/17/20,76,Indonesia,1574,3873
85771,7/17/20,53,Egypt,928,4120
196323,7/17/20,39,Bangladesh,2733,2496
2012151,7/17/20,1322,Brazil,45403,76688
1003832,7/17/20,687,India,34956,25602
2674,7/16/20,0,Sri Lanka,9,11
84843,7/16/20,59,Egypt,913,4067
80094,7/16/20,87,Indonesia,1522,3797
257914,7/16/20,40,Pakistan,2145,5426
193590,7/16/20,33,Bangladesh,3533,2457
1966748,7/16/20,1233,Brazil,39924,75366
968876,7/16/20,606,India,32695,24915
83930,7/15/20,73,Egypt,929,4008
255769,7/15/20,66,Pakistan,2165,5386
2665,7/15/20,0,Sri Lanka,19,11
190057,7/15/20,33,Bangladesh,3163,2424
78572,7/15/20,54,Indonesia,1591,3710
936181,7/15/20,582,India,29429,24309
1926824,7/15/20,1300,Brazil,41857,74133
186894,7/14/20,39,Bangladesh,3099,2391
1884967,7/14/20,733,Brazil,20286,72833
83001,7/14/20,166,Egypt,1843,3935
2646,7/14/20,0,Sri Lanka,29,11
76981,7/14/20,50,Indonesia,1282,3656
906752,7/14/20,553,India,28498,23727
253604,7/14/20,54,Pakistan,1979,5320
2617,7/13/20,0,Sri Lanka,106,11
75699,7/13/20,71,Indonesia,1681,3606
1864681,7/13/20,631,Brazil,24831,72100
183795,7/13/20,47,Bangladesh,2666,2352
251625,7/13/20,69,Pakistan,2753,5266
878254,7/13/20,500,India,28701,23174
81158,7/13/20,0,Egypt,0,3769
1839850,7/12/20,1071,Brazil,39023,71469
74018,7/12/20,66,Indonesia,1671,3535
2511,7/12/20,0,Sri Lanka,57,11
81158,7/12/20,67,Egypt,923,3769
181129,7/12/20,30,Bangladesh,2686,2305
248872,7/12/20,74,Pakistan,2521,5197
849553,7/12/20,551,India,28637,22674
246351,7/11/20,65,Pakistan,2752,5123
80235,7/11/20,85,Egypt,981,3702
178443,7/11/20,37,Bangladesh,2949,2275
1800827,7/11/20,1214,Brazil,45048,70398
72347,7/11/20,52,Indonesia,1611,3469
820916,7/11/20,519,India,27114,22123
2454,7/11/20,0,Sri Lanka,104,11
1755779,7/10/20,1220,Brazil,42619,69184
175494,7/10/20,41,Bangladesh,3360,2238
70736,7/10/20,58,Indonesia,2657,3417
243599,7/10/20,75,Pakistan,2751,5058
79254,7/10/20,53,Egypt,950,3617
793802,7/10/20,475,India,26506,21604
2350,7/10/20,0,Sri Lanka,256,11
68079,7/9/20,50,Indonesia,1853,3359
1713160,7/9/20,1223,Brazil,44571,67964
78304,7/9/20,75,Egypt,1025,3564
2094,7/9/20,0,Sri Lanka,13,11
240848,7/9/20,61,Pakistan,3359,4983
172134,7/9/20,46,Bangladesh,3489,2197
767296,7/9/20,487,India,24879,21129
77279,7/8/20,67,Egypt,1057,3489
168645,7/8/20,55,Bangladesh,3027,2151
1668589,7/8/20,1254,Brazil,45305,66741
2081,7/8/20,0,Sri Lanka,3,11
237489,7/8/20,83,Pakistan,2980,4922
66226,7/8/20,68,Indonesia,1268,3309
742417,7/8/20,482,India,22752,20642
2078,7/7/20,0,Sri Lanka,2,11
165618,7/7/20,44,Bangladesh,3201,2096
1623284,7/7/20,620,Brazil,20229,65487
234509,7/7/20,77,Pakistan,2691,4839
76222,7/7/20,79,Egypt,969,3422
719665,7/7/20,467,India,22252,20160
64958,7/7/20,70,Indonesia,1209,3241
63749,7/6/20,82,Indonesia,1607,3171
1603055,7/6/20,602,Brazil,26051,64867
162417,7/6/20,55,Bangladesh,2738,2052
2076,7/6/20,0,Sri Lanka,2,11
75253,7/6/20,63,Egypt,1218,3343
697413,7/6/20,425,India,24248,19693
231818,7/6/20,50,Pakistan,3344,4762
228474,7/5/20,93,Pakistan,3191,4712
74035,7/5/20,79,Egypt,1324,3280
2074,7/5/20,0,Sri Lanka,5,11
159679,7/5/20,29,Bangladesh,3288,1997
673165,7/5/20,613,India,24850,19268
62142,7/5/20,53,Indonesia,1447,3089
1577004,7/5/20,1091,Brazil,37923,64265
156391,7/4/20,42,Bangladesh,3114,1968
72711,7/4/20,81,Egypt,1412,3201
1539081,7/4/20,1290,Brazil,42223,63174
225283,7/4/20,68,Pakistan,3387,4619
648315,7/4/20,442,India,22771,18655
60695,7/4/20,49,Indonesia,1301,3036
2069,7/4/20,0,Sri Lanka,3,11
59394,7/3/20,53,Indonesia,1624,2987
153277,7/3/20,38,Bangladesh,4019,1926
71299,7/3/20,86,Egypt,1485,3120
221896,7/3/20,78,Pakistan,4087,4551
625544,7/3/20,379,India,20903,18213
2066,7/3/20,0,Sri Lanka,12,11
1496858,7/3/20,1252,Brazil,48105,61884
2054,7/2/20,0,Sri Lanka,7,11
57770,7/2/20,58,Indonesia,1385,2934
149258,7/2/20,41,Bangladesh,3775,1888
69814,7/2/20,81,Egypt,1503,3034
1448753,7/2/20,1038,Brazil,46712,60632
604641,7/2/20,434,India,19148,17834
217809,7/2/20,78,Pakistan,4339,4473
56385,7/1/20,71,Indonesia,1293,2876
1402041,7/1/20,1280,Brazil,33846,59594
145483,7/1/20,64,Bangladesh,3682,1847
213470,7/1/20,91,Pakistan,4133,4395
68311,7/1/20,81,Egypt,1557,2953
2047,7/1/20,0,Sri Lanka,5,11
585493,7/1/20,507,India,18653,17400
141801,6/30/20,45,Bangladesh,4014,1783
55092,6/30/20,51,Indonesia,1082,2805
66754,6/30/20,83,Egypt,1566,2872
1368195,6/30/20,692,Brazil,24052,58314
209337,6/30/20,137,Pakistan,2825,4304
566840,6/30/20,418,India,18522,16893
2042,6/30/20,0,Sri Lanka,5,11
65188,6/29/20,81,Egypt,1265,2789
2037,6/29/20,0,Sri Lanka,4,11
1344143,6/29/20,552,Brazil,30476,57622
206512,6/29/20,49,Pakistan,3557,4167
137787,6/29/20,43,Bangladesh,3809,1738
54010,6/29/20,34,Indonesia,1198,2754
548318,6/29/20,380,India,19459,16475
52812,6/28/20,37,Indonesia,1385,2720
133978,6/28/20,34,Bangladesh,3504,1695
1313667,6/28/20,1109,Brazil,38693,57070
528859,6/28/20,410,India,19906,16095
63923,6/28/20,88,Egypt,1168,2708
202955,6/28/20,83,Pakistan,4072,4118
2033,6/28/20,0,Sri Lanka,19,11
130474,6/27/20,40,Bangladesh,3868,1661
1274974,6/27/20,990,Brazil,46860,55961
198883,6/27/20,73,Pakistan,3138,4035
62755,6/27/20,87,Egypt,1625,2620
508953,6/27/20,384,India,18552,15685
51427,6/27/20,63,Indonesia,1240,2683
2014,6/27/20,0,Sri Lanka,4,11
126606,6/26/20,39,Bangladesh,3946,1621
2010,6/26/20,0,Sri Lanka,9,11
195745,6/26/20,59,Pakistan,2775,3962
61130,6/26/20,168,Egypt,2989,2533
50187,6/26/20,47,Indonesia,1178,2620
1228114,6/26/20,1141,Brazil,39483,54971
490401,6/26/20,407,India,17296,15301
122660,6/25/20,37,Bangladesh,3462,1582
58141,6/25/20,0,Egypt,0,2365
49009,6/25/20,38,Indonesia,1113,2573
192970,6/25/20,148,Pakistan,4044,3903
2001,6/25/20,0,Sri Lanka,10,11
473105,6/25/20,418,India,16922,14894
1188631,6/25/20,1185,Brazil,42725,53830
1145906,6/24/20,1374,Brazil,39436,52645
1991,6/24/20,0,Sri Lanka,40,11
58141,6/24/20,87,Egypt,1332,2365
188926,6/24/20,60,Pakistan,3892,3755
456183,6/24/20,465,India,15968,14476
47896,6/24/20,35,Indonesia,1051,2535
119198,6/24/20,43,Bangladesh,3412,1545
46845,6/23/20,35,Indonesia,954,2500
56809,6/23/20,85,Egypt,1576,2278
185034,6/23/20,105,Pakistan,3946,3695
1106470,6/23/20,654,Brazil,21432,51271
1951,6/23/20,0,Sri Lanka,1,11
440215,6/23/20,312,India,14933,14011
115786,6/23/20,38,Bangladesh,3480,1502
1950,6/22/20,0,Sri Lanka,0,11
55233,6/22/20,87,Egypt,1475,2193
425282,6/22/20,445,India,14821,13699
1085038,6/22/20,641,Brazil,17459,50617
45891,6/22/20,36,Indonesia,862,2465
181088,6/22/20,89,Pakistan,4471,3590
112306,6/22/20,39,Bangladesh,3531,1464
1950,6/21/20,0,Sri Lanka,0,11
108775,6/21/20,37,Bangladesh,3240,1425
176617,6/21/20,119,Pakistan,4951,3501
1067579,6/21/20,1022,Brazil,34666,49976
53758,6/21/20,89,Egypt,1547,2106
45029,6/21/20,56,Indonesia,1226,2429
410461,6/21/20,306,India,15413,13254
105535,6/20/20,45,Bangladesh,3243,1388
52211,6/20/20,79,Egypt,1774,2017
1032913,6/20/20,1206,Brazil,54771,48954
1950,6/20/20,0,Sri Lanka,3,11
395048,6/20/20,375,India,14516,12948
43803,6/20/20,34,Indonesia,1041,2373
171666,6/20/20,153,Pakistan,6604,3382
165062,6/19/20,136,Pakistan,4944,3229
978142,6/19/20,1238,Brazil,22765,47748
1947,6/19/20,0,Sri Lanka,23,11
50437,6/19/20,88,Egypt,1218,1938
42762,6/19/20,63,Indonesia,1331,2339
380532,6/19/20,336,India,13586,12573
102292,6/19/20,38,Bangladesh,3803,1343
955377,6/18/20,1269,Brazil,32188,46510
98489,6/18/20,43,Bangladesh,4008,1305
49219,6/18/20,84,Egypt,1363,1850
160118,6/18/20,118,Pakistan,5358,3093
366946,6/18/20,334,India,12881,12237
41431,6/18/20,45,Indonesia,1031,2276
1924,6/18/20,0,Sri Lanka,9,11
923189,6/17/20,1282,Brazil,34918,45241
40400,6/17/20,33,Indonesia,1106,2231
94481,6/17/20,53,Bangladesh,3862,1262
1915,6/17/20,0,Sri Lanka,10,11
47856,6/17/20,94,Egypt,1567,1766
154760,6/17/20,136,Pakistan,5839,2975
354065,6/17/20,2003,India,10974,11903
1905,6/16/20,0,Sri Lanka,16,11
148921,6/16/20,110,Pakistan,4443,2839
46289,6/16/20,97,Egypt,1691,1672
343091,6/16/20,380,India,10667,9900
888271,6/16/20,627,Brazil,20647,43959
90619,6/16/20,38,Bangladesh,3099,1209
39294,6/16/20,64,Indonesia,1017,2198
144478,6/15/20,97,Pakistan,5248,2729
867624,6/15/20,612,Brazil,17110,43332
1889,6/15/20,0,Sri Lanka,5,11
332424,6/15/20,325,India,11502,9520
87520,6/15/20,32,Bangladesh,3141,1171
38277,6/15/20,43,Indonesia,857,2134
44598,6/15/20,91,Egypt,1618,1575
850514,6/14/20,892,Brazil,21704,42720
37420,6/14/20,43,Indonesia,1014,2091
42980,6/14/20,62,Egypt,1676,1484
84379,6/14/20,44,Bangladesh,2856,1139
139230,6/14/20,81,Pakistan,6825,2632
320922,6/14/20,311,India,11929,9195
1884,6/14/20,0,Sri Lanka,4,11
132405,6/13/20,88,Pakistan,6472,2551
36406,6/13/20,48,Indonesia,1111,2048
828810,6/13/20,909,Brazil,25982,41828
41304,6/13/20,45,Egypt,1578,1422
1880,6/13/20,0,Sri Lanka,3,11
308993,6/13/20,386,India,11458,8884
81523,6/13/20,46,Bangladesh,3471,1095
802828,6/12/20,1239,Brazil,30412,40919
125933,6/12/20,107,Pakistan,6397,2463
35295,6/12/20,41,Indonesia,979,2000
39726,6/12/20,35,Egypt,1442,1377
78052,6/12/20,37,Bangladesh,3187,1049
297535,6/12/20,396,India,10956,8498
1877,6/12/20,0,Sri Lanka,8,11
38284,6/11/20,36,Egypt,1455,1342
74865,6/11/20,37,Bangladesh,3190,1012
772416,6/11/20,1274,Brazil,32913,39680
119536,6/11/20,101,Pakistan,5834,2356
286579,6/11/20,357,India,9996,8102
34316,6/11/20,36,Indonesia,1240,1959
1869,6/11/20,0,Sri Lanka,10,11
71675,6/10/20,45,Bangladesh,3171,975
113702,6/10/20,83,Pakistan,5385,2255
33076,6/10/20,40,Indonesia,1043,1923
1859,6/10/20,0,Sri Lanka,2,11
276583,6/10/20,279,India,9985,7745
36829,6/10/20,35,Egypt,1385,1306
739503,6/10/20,1272,Brazil,32091,38406
108317,6/9/20,105,Pakistan,4646,2172
35444,6/9/20,34,Egypt,1365,1271
32033,6/9/20,32,Indonesia,847,1883
707412,6/9/20,679,Brazil,15654,37134
1857,6/9/20,0,Sri Lanka,22,11
266598,6/9/20,331,India,9987,7466
68504,6/9/20,42,Bangladesh,2735,930
103671,6/8/20,65,Pakistan,4728,2067
65769,6/8/20,42,Bangladesh,2743,888
691758,6/8/20,525,Brazil,18921,36455
1835,6/8/20,0,Sri Lanka,21,11
256611,6/8/20,206,India,9983,7135
34079,6/8/20,39,Egypt,1467,1237
31186,6/8/20,50,Indonesia,672,1851
672837,6/7/20,904,Brazil,27075,35930
63026,6/7/20,35,Bangladesh,2635,846
1814,6/7/20,0,Sri Lanka,13,11
246628,6/7/20,287,India,9971,6929
30514,6/7/20,31,Indonesia,993,1801
32612,6/7/20,32,Egypt,1497,1198
98943,6/7/20,67,Pakistan,4960,2002
1801,6/6/20,0,Sri Lanka,4,11
29521,6/6/20,49,Indonesia,703,1770
236657,6/6/20,294,India,9887,6642
93983,6/6/20,97,Pakistan,4734,1935
31115,6/6/20,40,Egypt,1348,1166
645762,6/6/20,1005,Brazil,30830,35026
60391,6/6/20,30,Bangladesh,2828,811
57563,6/5/20,35,Bangladesh,2423,781
28818,6/5/20,23,Indonesia,585,1721
226770,6/5/20,273,India,9851,6348
614932,6/5/20,1473,Brazil,30916,34021
1797,6/5/20,0,Sri Lanka,48,11
89249,6/5/20,68,Pakistan,3985,1838
29767,6/5/20,38,Egypt,1152,1126
85264,6/4/20,82,Pakistan,4801,1770
28233,6/4/20,35,Indonesia,684,1698
55140,6/4/20,37,Bangladesh,2695,746
28615,6/4/20,36,Egypt,1079,1088
216919,6/4/20,260,India,9304,6075
584016,6/4/20,1349,Brazil,28633,32548
1749,6/4/20,0,Sri Lanka,66,11
1683,6/3/20,0,Sri Lanka,40,11
555383,6/3/20,1262,Brazil,28936,31199
27549,6/3/20,22,Indonesia,609,1663
80463,6/3/20,67,Pakistan,4065,1688
52445,6/3/20,37,Bangladesh,2911,709
207615,6/3/20,217,India,8909,5815
27536,6/3/20,47,Egypt,1152,1052
76398,6/2/20,78,Pakistan,3938,1621
526447,6/2/20,623,Brazil,11598,29937
26940,6/2/20,28,Indonesia,467,1641
198706,6/2/20,204,India,8171,5598
1643,6/2/20,1,Sri Lanka,10,11
26384,6/2/20,46,Egypt,1399,1005
49534,6/2/20,22,Bangladesh,2381,672
24985,6/1/20,46,Egypt,1536,959
1633,6/1/20,0,Sri Lanka,13,10
72460,6/1/20,60,Pakistan,2964,1543
47153,6/1/20,40,Bangladesh,2545,650
26473,6/1/20,40,Indonesia,700,1613
190535,6/1/20,230,India,8392,5394
514849,6/1/20,480,Brazil,16409,29314
498440,5/31/20,956,Brazil,33274,28834
23449,5/31/20,34,Egypt,1367,913
44608,5/31/20,28,Bangladesh,1764,610
182143,5/31/20,193,India,8380,5164
1620,5/31/20,0,Sri Lanka,62,10
25773,5/31/20,53,Indonesia,557,1573
69496,5/31/20,88,Pakistan,3039,1483
22082,5/30/20,34,Egypt,1289,879
42844,5/30/20,23,Bangladesh,2523,582
25216,5/30/20,24,Indonesia,678,1520
66457,5/30/20,78,Pakistan,2429,1395
173763,5/30/20,265,India,7964,4971
465166,5/30/20,1124,Brazil,26928,27878
1558,5/30/20,0,Sri Lanka,28,10
64028,5/29/20,57,Pakistan,2801,1317
1530,5/29/20,0,Sri Lanka,61,10
24538,5/29/20,23,Indonesia,687,1496
438238,5/29/20,1156,Brazil,26417,26754
165799,5/29/20,175,India,7466,4706
20793,5/29/20,29,Egypt,1127,845
40321,5/29/20,15,Bangladesh,2029,559
1469,5/28/20,0,Sri Lanka,150,10
61227,5/28/20,35,Pakistan,2076,1260
19666,5/28/20,19,Egypt,910,816
23851,5/28/20,55,Indonesia,686,1473
38292,5/28/20,22,Bangladesh,1541,544
158333,5/28/20,194,India,6566,4531
411821,5/28/20,1086,Brazil,20599,25598
36751,5/27/20,21,Bangladesh,1166,522
18756,5/27/20,14,Egypt,789,797
151767,5/27/20,170,India,6387,4337
391222,5/27/20,1039,Brazil,16324,24512
1319,5/27/20,0,Sri Lanka,137,10
23165,5/27/20,27,Indonesia,415,1418
59151,5/27/20,28,Pakistan,1446,1225
22750,5/26/20,19,Indonesia,479,1391
374898,5/26/20,807,Brazil,11687,23473
17967,5/26/20,19,Egypt,702,783
145380,5/26/20,146,India,6535,4167
57705,5/26/20,30,Pakistan,1356,1197
1182,5/26/20,1,Sri Lanka,41,10
35585,5/26/20,21,Bangladesh,1975,501
56349,5/25/20,34,Pakistan,1748,1167
1141,5/25/20,0,Sri Lanka,52,9
22271,5/25/20,21,Indonesia,526,1372
17265,5/25/20,29,Egypt,652,764
33610,5/25/20,28,Bangladesh,1532,480
138845,5/25/20,154,India,6977,4021
363211,5/25/20,653,Brazil,15813,22666
16613,5/24/20,28,Egypt,827,735
32078,5/24/20,20,Bangladesh,1873,452
1089,5/24/20,0,Sri Lanka,21,9
131868,5/24/20,147,India,6767,3867
347398,5/24/20,965,Brazil,16508,22013
21745,5/24/20,25,Indonesia,949,1351
54601,5/24/20,32,Pakistan,2164,1133
30205,5/23/20,24,Bangladesh,1694,432
20796,5/23/20,48,Indonesia,634,1326
125101,5/23/20,137,India,6654,3720
330890,5/23/20,1001,Brazil,20803,21048
1068,5/23/20,0,Sri Lanka,13,9
15786,5/23/20,11,Egypt,783,707
52437,5/23/20,34,Pakistan,1743,1101
50694,5/22/20,50,Pakistan,2603,1067
20162,5/22/20,36,Indonesia,973,1278
310087,5/22/20,1188,Brazil,18508,20047
118447,5/22/20,148,India,6088,3583
1055,5/22/20,0,Sri Lanka,27,9
28511,5/22/20,22,Bangladesh,1773,408
15003,5/22/20,16,Egypt,774,696
48091,5/21/20,32,Pakistan,2193,1017
1028,5/21/20,0,Sri Lanka,1,9
291579,5/21/20,888,Brazil,19951,18859
26738,5/21/20,16,Bangladesh,1617,386
112359,5/21/20,132,India,5609,3435
19189,5/21/20,21,Indonesia,693,1242
14229,5/21/20,21,Egypt,745,680
13484,5/20/20,14,Egypt,720,659
25121,5/20/20,21,Bangladesh,1251,370
45898,5/20/20,46,Pakistan,1932,985
18496,5/20/20,30,Indonesia,486,1221
106750,5/20/20,140,India,5611,3303
1027,5/20/20,0,Sri Lanka,35,9
271628,5/20/20,1179,Brazil,17408,17971
992,5/19/20,0,Sri Lanka,11,9
43966,5/19/20,36,Pakistan,1841,939
18010,5/19/20,43,Indonesia,496,1191
12764,5/19/20,15,Egypt,535,645
23870,5/19/20,21,Bangladesh,1602,349
101139,5/19/20,134,India,4970,3163
254220,5/19/20,674,Brazil,13140,16792
981,5/18/20,0,Sri Lanka,21,9
241080,5/18/20,485,Brazil,7938,16118
22268,5/18/20,14,Bangladesh,1273,328
12229,5/18/20,18,Egypt,510,630
42125,5/18/20,30,Pakistan,1974,903
96169,5/18/20,157,India,5242,3029
17514,5/18/20,59,Indonesia,489,1148
11719,5/17/20,20,Egypt,491,612
960,5/17/20,0,Sri Lanka,25,9
17025,5/17/20,13,Indonesia,529,1089
233142,5/17/20,816,Brazil,14919,15633
90927,5/17/20,120,India,4987,2872
40151,5/17/20,39,Pakistan,1352,873
20995,5/17/20,16,Bangladesh,930,314
16496,5/16/20,33,Indonesia,490,1076
935,5/16/20,0,Sri Lanka,10,9
85940,5/16/20,103,India,3970,2752
38799,5/16/20,31,Pakistan,1581,834
218223,5/16/20,824,Brazil,15305,14817
11228,5/16/20,21,Egypt,399,592
20065,5/16/20,15,Bangladesh,1202,298
925,5/15/20,0,Sri Lanka,10,9
18863,5/15/20,14,Bangladesh,1041,283
10829,5/15/20,15,Egypt,398,571
16006,5/15/20,15,Indonesia,568,1043
81970,5/15/20,100,India,3967,2649
202918,5/15/20,844,Brazil,13944,13993
37218,5/15/20,33,Pakistan,1430,803
17822,5/14/20,19,Bangladesh,1162,269
10431,5/14/20,12,Egypt,338,556
915,5/14/20,0,Sri Lanka,26,9
78003,5/14/20,134,India,3722,2549
15438,5/14/20,21,Indonesia,689,1028
35788,5/14/20,33,Pakistan,1452,770
188974,5/14/20,749,Brazil,11385,13149
889,5/13/20,0,Sri Lanka,20,9
14749,5/13/20,16,Indonesia,484,1007
177589,5/13/20,881,Brazil,9258,12400
16660,5/13/20,11,Bangladesh,969,250
34336,5/13/20,31,Pakistan,2255,737
10093,5/13/20,11,Egypt,347,544
74281,5/13/20,122,India,3525,2415
14265,5/12/20,18,Indonesia,233,991
869,5/12/20,0,Sri Lanka,6,9
15691,5/12/20,11,Bangladesh,1034,239
32081,5/12/20,39,Pakistan,1140,706
70756,5/12/20,87,India,3604,2293
168331,5/12/20,396,Brazil,5632,11519
9746,5/12/20,8,Egypt,346,533
14032,5/11/20,14,Indonesia,387,973
9400,5/11/20,11,Egypt,436,525
162699,5/11/20,496,Brazil,6760,11123
67152,5/11/20,97,India,4213,2206
14657,5/11/20,14,Bangladesh,887,228
863,5/11/20,0,Sri Lanka,16,9
30941,5/11/20,28,Pakistan,1476,667
29465,5/10/20,21,Pakistan,1991,639
13770,5/10/20,8,Bangladesh,636,214
847,5/10/20,0,Sri Lanka,12,9
155939,5/10/20,730,Brazil,10611,10627
13645,5/10/20,16,Indonesia,533,959
62939,5/10/20,128,India,3277,2109
8964,5/10/20,11,Egypt,488,514
27474,5/9/20,24,Pakistan,1637,618
145328,5/9/20,751,Brazil,10222,9897
59662,5/9/20,95,India,3320,1981
835,5/9/20,0,Sri Lanka,11,9
13112,5/9/20,13,Indonesia,336,943
13134,5/9/20,7,Bangladesh,709,206
8476,5/9/20,21,Egypt,495,503
135106,5/8/20,610,Brazil,9888,9146
824,5/8/20,0,Sri Lanka,27,9
12425,5/8/20,13,Bangladesh,706,199
12776,5/8/20,35,Indonesia,338,930
7981,5/8/20,13,Egypt,393,482
56342,5/8/20,103,India,3390,1886
25837,5/8/20,30,Pakistan,1764,594
7588,5/7/20,17,Egypt,387,469
24073,5/7/20,38,Pakistan,1523,564
11719,5/7/20,3,Bangladesh,790,186
125218,5/7/20,615,Brazil,10503,8536
52952,5/7/20,89,India,3561,1783
12438,5/7/20,23,Indonesia,367,895
797,5/7/20,0,Sri Lanka,26,9
12071,5/6/20,8,Indonesia,484,872
22550,5/6/20,40,Pakistan,1049,526
10929,5/6/20,1,Bangladesh,786,183
49391,5/6/20,126,India,2958,1694
771,5/6/20,1,Sri Lanka,16,9
114715,5/6/20,600,Brazil,6935,7921
7201,5/6/20,16,Egypt,388,452
10143,5/5/20,5,Bangladesh,688,182
21501,5/5/20,24,Pakistan,1315,486
107780,5/5/20,296,Brazil,6633,7321
755,5/5/20,1,Sri Lanka,37,8
46433,5/5/20,195,India,3900,1568
6813,5/5/20,7,Egypt,348,436
11587,5/5/20,19,Indonesia,395,864
11192,5/4/20,14,Indonesia,349,845
718,5/4/20,0,Sri Lanka,13,7
6465,5/4/20,14,Egypt,272,429
9455,5/4/20,2,Bangladesh,665,177
42533,5/4/20,72,India,2553,1373
20186,5/4/20,22,Pakistan,1083,462
101147,5/4/20,275,Brazil,4588,7025
10843,5/3/20,31,Indonesia,292,831
39980,5/3/20,83,India,2644,1301
19103,5/3/20,23,Pakistan,989,440
8790,5/3/20,5,Bangladesh,552,175
705,5/3/20,0,Sri Lanka,15,7
96559,5/3/20,421,Brazil,4970,6750
6193,5/3/20,9,Egypt,298,415
690,5/2/20,0,Sri Lanka,25,7
10551,5/2/20,8,Indonesia,433,800
8238,5/2/20,2,Bangladesh,571,170
37336,5/2/20,71,India,2293,1218
18114,5/2/20,32,Pakistan,1297,417
5895,5/2/20,14,Egypt,358,406
91589,5/2/20,428,Brazil,6209,6329
5537,5/1/20,12,Egypt,269,392
10118,5/1/20,8,Indonesia,347,792
7667,5/1/20,5,Bangladesh,564,168
35043,5/1/20,73,India,1993,1147
665,5/1/20,0,Sri Lanka,16,7
85380,5/1/20,435,Brazil,7218,5901
16817,5/1/20,39,Pakistan,1058,385
649,4/30/20,0,Sri Lanka,30,7
5268,4/30/20,21,Egypt,226,380
33050,4/30/20,67,India,1718,1074
9771,4/30/20,11,Indonesia,260,784
78162,4/30/20,449,Brazil,6276,5466
15759,4/30/20,19,Pakistan,874,346
7103,4/30/20,8,Bangladesh,641,163
5042,4/29/20,22,Egypt,260,359
31332,4/29/20,73,India,1897,1007
6462,4/29/20,3,Bangladesh,549,155
619,4/29/20,0,Sri Lanka,31,7
71886,4/29/20,474,Brazil,5385,5017
9511,4/29/20,8,Indonesia,415,773
14885,4/29/20,26,Pakistan,806,327
66501,4/28/20,338,Brazil,4613,4543
588,4/28/20,0,Sri Lanka,65,7
5913,4/28/20,7,Bangladesh,497,152
29435,4/28/20,62,India,1543,934
9096,4/28/20,22,Indonesia,214,765
4782,4/28/20,30,Egypt,463,337
14079,4/28/20,20,Pakistan,751,301
61888,4/27/20,189,Brazil,3379,4205
4319,4/27/20,0,Egypt,0,307
8882,4/27/20,23,Indonesia,275,743
523,4/27/20,0,Sri Lanka,61,7
13328,4/27/20,12,Pakistan,605,281
27892,4/27/20,48,India,1396,872
5416,4/27/20,5,Bangladesh,418,145
4319,4/26/20,13,Egypt,227,307
58509,4/26/20,346,Brazil,5514,4016
12723,4/26/20,16,Pakistan,783,269
4998,4/26/20,9,Bangladesh,309,140
26496,4/26/20,49,India,1990,824
462,4/26/20,0,Sri Lanka,42,7
8607,4/26/20,31,Indonesia,396,720
420,4/25/20,0,Sri Lanka,52,7
4689,4/25/20,4,Bangladesh,503,131
24506,4/25/20,57,India,1429,775
8211,4/25/20,42,Indonesia,436,689
52995,4/25/20,357,Brazil,3503,3670
4092,4/25/20,18,Egypt,433,294
11940,4/25/20,16,Pakistan,785,253
4186,4/24/20,7,Bangladesh,414,127
3659,4/24/20,12,Egypt,169,276
49492,4/24/20,407,Brazil,3735,3313
23077,4/24/20,37,India,1684,718
11155,4/24/20,28,Pakistan,1406,237
7775,4/24/20,12,Indonesia,357,647
368,4/24/20,0,Sri Lanka,38,7
3490,4/23/20,0,Egypt,0,264
3772,4/23/20,10,Bangladesh,390,120
7418,4/23/20,19,Indonesia,283,635
330,4/23/20,0,Sri Lanka,20,7
45757,4/23/20,165,Brazil,2678,2906
21393,4/23/20,41,India,1409,681
9749,4/23/20,0,Pakistan,0,209
7135,4/22/20,26,Indonesia,375,616
9749,4/22/20,17,Pakistan,533,209
19984,4/22/20,50,India,1384,640
43079,4/22/20,166,Brazil,2498,2741
3490,4/22/20,14,Egypt,157,264
310,4/22/20,0,Sri Lanka,6,7
3382,4/22/20,9,Bangladesh,434,110
40581,4/21/20,113,Brazil,1927,2575
9216,4/21/20,16,Pakistan,798,192
18600,4/21/20,47,India,1335,590
2948,4/21/20,10,Bangladesh,492,101
3333,4/21/20,11,Egypt,189,250
304,4/21/20,0,Sri Lanka,9,7
6760,4/21/20,8,Indonesia,185,590
3144,4/20/20,15,Egypt,112,239
17265,4/20/20,36,India,1553,543
2456,4/20/20,7,Bangladesh,312,91
6575,4/20/20,47,Indonesia,327,582
38654,4/20/20,115,Brazil,2055,2462
295,4/20/20,0,Sri Lanka,41,7
8418,4/20/20,17,Pakistan,425,176
254,4/19/20,0,Sri Lanka,10,7
15712,4/19/20,27,India,1334,507
2144,4/19/20,9,Bangladesh,306,84
6248,4/19/20,15,Indonesia,325,535
7993,4/19/20,16,Pakistan,512,159
36599,4/19/20,206,Brazil,2917,2347
3032,4/19/20,19,Egypt,188,224
244,4/18/20,0,Sri Lanka,6,7
1838,4/18/20,15,Bangladesh,266,75
14378,4/18/20,43,India,991,480
2844,4/18/20,9,Egypt,171,205
7481,4/18/20,8,Pakistan,456,143
5923,4/18/20,24,Indonesia,407,520
33682,4/18/20,217,Brazil,3257,2141
7025,4/17/20,11,Pakistan,520,135
238,4/17/20,0,Sri Lanka,1,7
5516,4/17/20,27,Indonesia,380,496
13387,4/17/20,23,India,1007,437
30425,4/17/20,188,Brazil,2105,1924
2673,4/17/20,13,Egypt,168,196
1572,4/17/20,10,Bangladesh,341,60
237,4/16/20,0,Sri Lanka,4,7
5136,4/16/20,10,Indonesia,297,469
6505,4/16/20,17,Pakistan,517,124
28320,4/16/20,204,Brazil,3058,1736
1231,4/16/20,4,Bangladesh,219,50
12380,4/16/20,37,India,942,414
2505,4/16/20,5,Egypt,155,183
1012,4/15/20,7,Bangladesh,209,46
233,4/15/20,0,Sri Lanka,15,7
2350,4/15/20,14,Egypt,160,178
11438,4/15/20,38,India,1075,377
25262,4/15/20,204,Brazil,1832,1532
4839,4/15/20,60,Indonesia,282,459
5988,4/15/20,11,Pakistan,272,107
5716,4/14/20,3,Pakistan,342,96
23430,4/14/20,105,Brazil,1261,1328
803,4/14/20,5,Bangladesh,182,39
218,4/14/20,0,Sri Lanka,8,7
10363,4/14/20,31,India,1211,339
4557,4/14/20,26,Indonesia,316,399
2190,4/14/20,5,Egypt,125,164
4241,4/13/20,46,Indonesia,399,373
621,4/13/20,4,Bangladesh,139,34
2065,4/13/20,13,Egypt,126,159
9152,4/13/20,35,India,796,308
5374,4/13/20,7,Pakistan,336,93
22169,4/13/20,99,Brazil,1442,1223
210,4/13/20,0,Sri Lanka,11,7
8356,4/12/20,34,India,909,273
3842,4/12/20,21,Indonesia,330,327
5038,4/12/20,15,Pakistan,250,86
482,4/12/20,3,Bangladesh,58,30
199,4/12/20,0,Sri Lanka,2,7
20727,4/12/20,68,Brazil,1089,1124
1939,4/12/20,11,Egypt,145,146
197,4/11/20,0,Sri Lanka,7,7
424,4/11/20,6,Bangladesh,94,27
3512,4/11/20,26,Indonesia,219,306
7447,4/11/20,40,India,1035,239
4788,4/11/20,5,Pakistan,187,71
19638,4/11/20,115,Brazil,1781,1056
1794,4/11/20,17,Egypt,95,135
3293,4/10/20,40,Indonesia,337,280
17857,4/10/20,141,Brazil,1930,941
6412,4/10/20,33,India,678,199
190,4/10/20,0,Sri Lanka,1,7
1699,4/10/20,15,Egypt,139,118
330,4/10/20,1,Bangladesh,112,21
4601,4/10/20,3,Pakistan,279,66
2956,4/9/20,19,Indonesia,218,240
5734,4/9/20,17,India,540,166
15927,4/9/20,133,Brazil,2210,800
4322,4/9/20,5,Pakistan,250,63
1560,4/9/20,18,Egypt,238,103
189,4/9/20,1,Sri Lanka,4,7
218,4/9/20,3,Bangladesh,54,20
4072,4/8/20,4,Pakistan,208,58
185,4/8/20,1,Sri Lanka,7,6
5194,4/8/20,35,India,773,149
2738,4/8/20,12,Indonesia,247,221
164,4/8/20,5,Bangladesh,41,17
13717,4/8/20,114,Brazil,1661,667
1322,4/8/20,7,Egypt,249,85
3864,4/7/20,4,Pakistan,587,54
4421,4/7/20,5,India,354,114
1073,4/7/20,7,Egypt,3,78
178,4/7/20,0,Sri Lanka,12,5
123,4/7/20,3,Bangladesh,35,12
12056,4/7/20,67,Brazil,926,553
2491,4/7/20,11,Indonesia,218,209
166,4/6/20,0,Sri Lanka,7,5
11130,4/6/20,54,Brazil,852,486
3277,4/6/20,15,Pakistan,827,50
2273,4/6/20,7,Indonesia,181,198
1070,4/6/20,5,Egypt,85,71
4067,4/6/20,32,India,693,109
88,4/6/20,1,Bangladesh,18,9
2450,4/5/20,4,Pakistan,159,35
3374,4/5/20,9,India,472,77
159,4/5/20,1,Sri Lanka,8,5
2092,4/5/20,10,Indonesia,106,191
985,4/5/20,14,Egypt,206,66
70,4/5/20,2,Bangladesh,9,8
10278,4/5/20,73,Brazil,1222,432
1986,4/4/20,11,Indonesia,196,181
9056,4/4/20,60,Brazil,1146,359
61,4/4/20,0,Bangladesh,5,6
2902,4/4/20,12,India,601,68
151,4/4/20,1,Sri Lanka,3,4
779,4/4/20,0,Egypt,0,52
2291,4/4/20,0,Pakistan,0,31
56,4/3/20,0,Bangladesh,2,6
2301,4/3/20,6,India,336,56
148,4/3/20,1,Sri Lanka,5,3
779,4/3/20,6,Egypt,69,52
1790,4/3/20,13,Indonesia,113,170
2291,4/3/20,0,Pakistan,0,31
7910,4/3/20,58,Brazil,1074,299
143,4/2/20,0,Sri Lanka,21,2
1965,4/2/20,15,India,568,50
6836,4/2/20,40,Brazil,1119,241
710,4/2/20,5,Egypt,54,46
1677,4/2/20,21,Indonesia,149,157
54,4/2/20,1,Bangladesh,3,6
2291,4/2/20,5,Pakistan,252,31
51,4/1/20,0,Bangladesh,2,5
5717,4/1/20,42,Brazil,1138,201
1397,4/1/20,3,India,146,35
656,4/1/20,1,Egypt,47,41
1528,4/1/20,14,Indonesia,114,136
2039,4/1/20,8,Pakistan,414,26
122,4/1/20,1,Sri Lanka,2,2
609,3/31/20,4,Egypt,33,40
1251,3/31/20,3,India,180,32
49,3/31/20,0,Bangladesh,0,5
120,3/31/20,0,Sri Lanka,0,1
1414,3/31/20,8,Indonesia,129,122
1625,3/31/20,5,Pakistan,99,18
4579,3/31/20,23,Brazil,323,159
1285,3/30/20,12,Indonesia,130,114
120,3/30/20,0,Sri Lanka,5,1
4256,3/30/20,22,Brazil,352,136
1071,3/30/20,4,India,92,29
49,3/30/20,0,Bangladesh,1,5
576,3/30/20,6,Egypt,40,36
1526,3/30/20,2,Pakistan,118,13
115,3/29/20,1,Sri Lanka,9,1
3904,3/29/20,22,Brazil,487,114
1155,3/29/20,15,Indonesia,109,102
1408,3/29/20,2,Pakistan,211,11
979,3/29/20,6,India,106,25
536,3/29/20,6,Egypt,41,30
48,3/29/20,0,Bangladesh,0,5
106,3/28/20,0,Sri Lanka,0,0
1046,3/28/20,9,Indonesia,153,87
3417,3/28/20,15,Brazil,502,92
873,3/28/20,2,India,149,19
48,3/28/20,0,Bangladesh,0,5
1197,3/28/20,0,Pakistan,0,9
495,3/28/20,3,Egypt,39,24
724,3/27/20,4,India,75,17
2915,3/27/20,20,Brazil,482,77
1197,3/27/20,1,Pakistan,140,9
893,3/27/20,20,Indonesia,103,78
48,3/27/20,0,Bangladesh,9,5
106,3/27/20,0,Sri Lanka,4,0
456,3/27/20,0,Egypt,14,21
1057,3/26/20,1,Pakistan,66,8
790,3/26/20,3,Indonesia,104,58
2433,3/26/20,11,Brazil,232,57
649,3/26/20,4,India,87,13
442,3/26/20,2,Egypt,76,21
102,3/26/20,0,Sri Lanka,0,0
39,3/26/20,1,Bangladesh,0,5
2201,3/25/20,12,Brazil,310,46
102,3/25/20,0,Sri Lanka,5,0
562,3/25/20,0,India,70,9
686,3/25/20,6,Indonesia,107,55
366,3/25/20,5,Egypt,39,19
39,3/25/20,1,Bangladesh,6,4
991,3/25/20,1,Pakistan,104,7
887,3/24/20,1,Pakistan,103,6
579,3/24/20,1,Indonesia,65,49
327,3/24/20,4,Egypt,33,14
97,3/24/20,0,Sri Lanka,10,0
492,3/24/20,2,India,53,9
1891,3/24/20,9,Brazil,345,34
33,3/24/20,0,Bangladesh,6,3
294,3/23/20,2,Egypt,9,10
1546,3/23/20,7,Brazil,418,25
784,3/23/20,2,Pakistan,138,5
439,3/23/20,3,India,119,7
514,3/23/20,10,Indonesia,64,48
27,3/23/20,1,Bangladesh,3,3
87,3/23/20,0,Sri Lanka,9,0
285,3/22/20,1,Egypt,29,8
320,3/22/20,0,India,89,4
78,3/22/20,0,Sri Lanka,12,0
450,3/22/20,13,Indonesia,141,38
1128,3/22/20,7,Brazil,224,18
24,3/22/20,2,Bangladesh,7,2
646,3/22/20,0,Pakistan,151,3
231,3/21/20,0,India,40,4
66,3/21/20,0,Sri Lanka,13,0
495,3/21/20,1,Pakistan,17,3
256,3/21/20,1,Egypt,46,7
17,3/21/20,0,Bangladesh,7,0
309,3/21/20,6,Indonesia,82,25
904,3/21/20,5,Brazil,283,11
10,3/20/20,0,Bangladesh,0,0
191,3/20/20,1,India,26,4
478,3/20/20,2,Pakistan,176,2
621,3/20/20,2,Brazil,193,6
210,3/20/20,0,Egypt,14,6
53,3/20/20,0,Sri Lanka,11,0
227,3/20/20,14,Indonesia,55,19
428,3/19/20,3,Brazil,137,4
165,3/19/20,0,India,28,3
172,3/19/20,0,Indonesia,0,5
42,3/19/20,0,Sri Lanka,0,0
302,3/19/20,0,Pakistan,115,0
10,3/19/20,0,Bangladesh,2,0
196,3/19/20,2,Egypt,30,6
291,3/18/20,1,Brazil,57,1
8,3/18/20,0,Bangladesh,3,0
137,3/18/20,0,India,12,3
42,3/18/20,0,Sri Lanka,13,0
172,3/18/20,0,Indonesia,38,5
187,3/18/20,0,Pakistan,0,0
166,3/18/20,2,Egypt,40,4
5,3/17/20,0,Bangladesh,2,0
125,3/17/20,1,India,32,3
234,3/17/20,0,Brazil,34,0
134,3/17/20,0,Indonesia,17,5
29,3/17/20,0,Sri Lanka,10,0
187,3/17/20,0,Pakistan,156,0
126,3/17/20,0,Egypt,16,2
3,3/16/20,0,Bangladesh,0,0
93,3/16/20,0,India,3,2
31,3/16/20,0,Pakistan,1,0
200,3/16/20,0,Brazil,79,0
110,3/16/20,0,Egypt,17,2
117,3/16/20,1,Indonesia,21,5
19,3/16/20,0,Sri Lanka,8,0
90,3/15/20,0,India,7,2
93,3/15/20,0,Egypt,0,2
11,3/15/20,0,Sri Lanka,5,0
121,3/15/20,0,Brazil,23,0
3,3/15/20,0,Bangladesh,0,0
30,3/15/20,0,Pakistan,9,0
96,3/15/20,0,Indonesia,27,4
3,3/14/20,0,Bangladesh,0,0
93,3/14/20,0,Egypt,13,2
83,3/14/20,1,India,8,2
6,3/14/20,0,Sri Lanka,3,0
21,3/14/20,0,Pakistan,0,0
98,3/14/20,0,Brazil,21,0
69,3/14/20,3,Indonesia,35,4
21,3/13/20,0,Pakistan,1,0
3,3/13/20,0,Bangladesh,0,0
3,3/13/20,0,Sri Lanka,1,0
75,3/13/20,1,India,2,1
80,3/13/20,1,Egypt,20,2
77,3/13/20,0,Brazil,25,0
34,3/13/20,0,Indonesia,0,1
3,3/12/20,0,Bangladesh,0,0
20,3/12/20,0,Pakistan,4,0
73,3/12/20,0,India,23,0
52,3/12/20,0,Brazil,18,0
34,3/12/20,1,Indonesia,15,1
2,3/12/20,0,Sri Lanka,1,0
60,3/12/20,0,Egypt,1,1
1,3/11/20,0,Sri Lanka,0,0
50,3/11/20,0,India,6,0
3,3/11/20,0,Bangladesh,0,0
34,3/11/20,0,Brazil,9,0
16,3/11/20,0,Pakistan,0,0
59,3/11/20,0,Egypt,4,1
19,3/11/20,0,Indonesia,13,0
6,3/10/20,0,Indonesia,0,0
44,3/10/20,0,India,10,0
25,3/10/20,0,Brazil,0,0
55,3/10/20,0,Egypt,6,1
16,3/10/20,0,Pakistan,10,0
3,3/10/20,0,Bangladesh,0,0
1,3/10/20,0,Sri Lanka,0,0
3,3/9/20,0,Bangladesh,3,0
25,3/9/20,0,Brazil,12,0
34,3/9/20,0,India,0,0
6,3/9/20,0,Pakistan,0,0
6,3/9/20,0,Indonesia,2,0
1,3/9/20,0,Sri Lanka,0,0
49,3/9/20,1,Egypt,34,1
6,3/8/20,0,Pakistan,0,0
34,3/8/20,0,India,3,0
13,3/8/20,0,Brazil,0,0
0,3/8/20,0,Bangladesh,0,0
15,3/8/20,0,Egypt,0,0
4,3/8/20,0,Indonesia,0,0
1,3/8/20,0,Sri Lanka,0,0
15,3/7/20,0,Egypt,12,0
31,3/7/20,0,India,2,0
4,3/7/20,0,Indonesia,2,0
0,3/7/20,0,Bangladesh,0,0
6,3/7/20,0,Pakistan,1,0
1,3/7/20,0,Sri Lanka,0,0
13,3/7/20,0,Brazil,5,0
5,3/6/20,0,Pakistan,0,0
8,3/6/20,0,Brazil,5,0
29,3/6/20,0,India,1,0
2,3/6/20,0,Indonesia,0,0
0,3/6/20,0,Bangladesh,0,0
3,3/6/20,0,Egypt,1,0
1,3/6/20,0,Sri Lanka,0,0
2,3/5/20,0,Egypt,0,0
2,3/5/20,0,Indonesia,0,0
28,3/5/20,0,India,22,0
0,3/5/20,0,Bangladesh,0,0
5,3/5/20,0,Pakistan,0,0
3,3/5/20,0,Brazil,1,0
1,3/5/20,0,Sri Lanka,0,0
5,3/4/20,0,Pakistan,1,0
6,3/4/20,0,India,1,0
2,3/4/20,0,Brazil,0,0
2,3/4/20,0,Indonesia,0,0
2,3/4/20,0,Egypt,0,0
1,3/4/20,0,Sri Lanka,0,0
0,3/4/20,0,Bangladesh,0,0
4,3/3/20,0,Pakistan,0,0
0,3/3/20,0,Bangladesh,0,0
2,3/3/20,0,Indonesia,0,0
5,3/3/20,0,India,2,0
2,3/3/20,0,Egypt,0,0
1,3/3/20,0,Sri Lanka,0,0
2,3/3/20,0,Brazil,0,0
3,3/2/20,0,India,0,0
2,3/2/20,0,Brazil,0,0
1,3/2/20,0,Sri Lanka,0,0
4,3/2/20,0,Pakistan,0,0
2,3/2/20,0,Indonesia,2,0
0,3/2/20,0,Bangladesh,0,0
2,3/2/20,0,Egypt,1,0
0,3/1/20,0,Indonesia,0,0
1,3/1/20,0,Egypt,0,0
0,3/1/20,0,Bangladesh,0,0
2,3/1/20,0,Brazil,1,0
3,3/1/20,0,India,0,0
1,3/1/20,0,Sri Lanka,0,0
4,3/1/20,0,Pakistan,2,0
0,2/29/20,0,Indonesia,0,0
1,2/29/20,0,Egypt,0,0
1,2/29/20,0,Sri Lanka,0,0
3,2/29/20,0,India,0,0
2,2/29/20,0,Pakistan,0,0
1,2/29/20,0,Brazil,0,0
0,2/29/20,0,Bangladesh,0,0
3,2/28/20,0,India,0,0
1,2/28/20,0,Sri Lanka,0,0
2,2/28/20,0,Pakistan,0,0
0,2/28/20,0,Indonesia,0,0
0,2/28/20,0,Bangladesh,0,0
1,2/28/20,0,Egypt,0,0
1,2/28/20,0,Brazil,0,0
1,2/27/20,0,Egypt,0,0
0,2/27/20,0,Indonesia,0,0
2,2/27/20,0,Pakistan,2,0
3,2/27/20,0,India,0,0
1,2/27/20,0,Brazil,0,0
0,2/27/20,0,Bangladesh,0,0
1,2/27/20,0,Sri Lanka,0,0
1,2/26/20,0,Egypt,0,0
1,2/26/20,0,Brazil,1,0
3,2/26/20,0,India,0,0
0,2/26/20,0,Pakistan,0,0
0,2/26/20,0,Bangladesh,0,0
1,2/26/20,0,Sri Lanka,0,0
0,2/26/20,0,Indonesia,0,0
0,2/25/20,0,Pakistan,0,0
0,2/25/20,0,Brazil,0,0
1,2/25/20,0,Sri Lanka,0,0
3,2/25/20,0,India,0,0
0,2/25/20,0,Indonesia,0,0
1,2/25/20,0,Egypt,0,0
0,2/25/20,0,Bangladesh,0,0
1,2/24/20,0,Sri Lanka,0,0
0,2/24/20,0,Bangladesh,0,0
3,2/24/20,0,India,0,0
0,2/24/20,0,Brazil,0,0
0,2/24/20,0,Indonesia,0,0
1,2/24/20,0,Egypt,0,0
0,2/24/20,0,Pakistan,0,0
1,2/23/20,0,Egypt,0,0
3,2/23/20,0,India,0,0
0,2/23/20,0,Brazil,0,0
1,2/23/20,0,Sri Lanka,0,0
0,2/23/20,0,Pakistan,0,0
0,2/23/20,0,Indonesia,0,0
0,2/23/20,0,Bangladesh,0,0
1,2/22/20,0,Egypt,0,0
0,2/22/20,0,Indonesia,0,0
3,2/22/20,0,India,0,0
1,2/22/20,0,Sri Lanka,0,0
0,2/22/20,0,Bangladesh,0,0
0,2/22/20,0,Brazil,0,0
0,2/22/20,0,Pakistan,0,0
3,2/21/20,0,India,0,0
0,2/21/20,0,Indonesia,0,0
1,2/21/20,0,Egypt,0,0
0,2/21/20,0,Bangladesh,0,0
1,2/21/20,0,Sri Lanka,0,0
0,2/21/20,0,Brazil,0,0
0,2/21/20,0,Pakistan,0,0
1,2/20/20,0,Sri Lanka,0,0
3,2/20/20,0,India,0,0
0,2/20/20,0,Pakistan,0,0
1,2/20/20,0,Egypt,0,0
0,2/20/20,0,Brazil,0,0
0,2/20/20,0,Indonesia,0,0
0,2/20/20,0,Bangladesh,0,0
0,2/19/20,0,Brazil,0,0
3,2/19/20,0,India,0,0
0,2/19/20,0,Bangladesh,0,0
1,2/19/20,0,Sri Lanka,0,0
0,2/19/20,0,Pakistan,0,0
1,2/19/20,0,Egypt,0,0
0,2/19/20,0,Indonesia,0,0
0,2/18/20,0,Bangladesh,0,0
0,2/18/20,0,Indonesia,0,0
3,2/18/20,0,India,0,0
1,2/18/20,0,Sri Lanka,0,0
1,2/18/20,0,Egypt,0,0
0,2/18/20,0,Brazil,0,0
0,2/18/20,0,Pakistan,0,0
3,2/17/20,0,India,0,0
1,2/17/20,0,Egypt,0,0
1,2/17/20,0,Sri Lanka,0,0
0,2/17/20,0,Pakistan,0,0
0,2/17/20,0,Indonesia,0,0
0,2/17/20,0,Brazil,0,0
0,2/17/20,0,Bangladesh,0,0
0,2/16/20,0,Pakistan,0,0
0,2/16/20,0,Brazil,0,0
3,2/16/20,0,India,0,0
0,2/16/20,0,Indonesia,0,0
1,2/16/20,0,Egypt,0,0
1,2/16/20,0,Sri Lanka,0,0
0,2/16/20,0,Bangladesh,0,0
3,2/15/20,0,India,0,0
0,2/15/20,0,Indonesia,0,0
0,2/15/20,0,Brazil,0,0
1,2/15/20,0,Sri Lanka,0,0
0,2/15/20,0,Bangladesh,0,0
1,2/15/20,0,Egypt,1,0
0,2/15/20,0,Pakistan,0,0
0,2/14/20,0,Egypt,0,0
0,2/14/20,0,Pakistan,0,0
3,2/14/20,0,India,0,0
0,2/14/20,0,Bangladesh,0,0
1,2/14/20,0,Sri Lanka,0,0
0,2/14/20,0,Brazil,0,0
0,2/14/20,0,Indonesia,0,0
0,2/13/20,0,Egypt,0,0
3,2/13/20,0,India,0,0
1,2/13/20,0,Sri Lanka,0,0
0,2/13/20,0,Bangladesh,0,0
0,2/13/20,0,Brazil,0,0
0,2/13/20,0,Indonesia,0,0
0,2/13/20,0,Pakistan,0,0
3,2/12/20,0,India,0,0
1,2/12/20,0,Sri Lanka,0,0
0,2/12/20,0,Egypt,0,0
0,2/12/20,0,Bangladesh,0,0
0,2/12/20,0,Indonesia,0,0
0,2/12/20,0,Pakistan,0,0
0,2/12/20,0,Brazil,0,0
1,2/11/20,0,Sri Lanka,0,0
3,2/11/20,0,India,0,0
0,2/11/20,0,Indonesia,0,0
0,2/11/20,0,Pakistan,0,0
0,2/11/20,0,Brazil,0,0
0,2/11/20,0,Egypt,0,0
0,2/11/20,0,Bangladesh,0,0
3,2/10/20,0,India,0,0
1,2/10/20,0,Sri Lanka,0,0
0,2/10/20,0,Bangladesh,0,0
0,2/10/20,0,Indonesia,0,0
0,2/10/20,0,Brazil,0,0
0,2/10/20,0,Egypt,0,0
0,2/10/20,0,Pakistan,0,0
0,2/9/20,0,Indonesia,0,0
0,2/9/20,0,Pakistan,0,0
3,2/9/20,0,India,0,0
0,2/9/20,0,Brazil,0,0
0,2/9/20,0,Bangladesh,0,0
0,2/9/20,0,Egypt,0,0
1,2/9/20,0,Sri Lanka,0,0
0,2/8/20,0,Indonesia,0,0
0,2/8/20,0,Egypt,0,0
3,2/8/20,0,India,0,0
0,2/8/20,0,Pakistan,0,0
1,2/8/20,0,Sri Lanka,0,0
0,2/8/20,0,Brazil,0,0
0,2/8/20,0,Bangladesh,0,0
3,2/7/20,0,India,0,0
0,2/7/20,0,Indonesia,0,0
0,2/7/20,0,Brazil,0,0
0,2/7/20,0,Bangladesh,0,0
0,2/7/20,0,Pakistan,0,0
1,2/7/20,0,Sri Lanka,0,0
0,2/7/20,0,Egypt,0,0
0,2/6/20,0,Brazil,0,0
3,2/6/20,0,India,0,0
0,2/6/20,0,Pakistan,0,0
0,2/6/20,0,Egypt,0,0
1,2/6/20,0,Sri Lanka,0,0
0,2/6/20,0,Indonesia,0,0
0,2/6/20,0,Bangladesh,0,0
0,2/5/20,0,Bangladesh,0,0
0,2/5/20,0,Pakistan,0,0
3,2/5/20,0,India,0,0
1,2/5/20,0,Sri Lanka,0,0
0,2/5/20,0,Brazil,0,0
0,2/5/20,0,Indonesia,0,0
0,2/5/20,0,Egypt,0,0
0,2/4/20,0,Bangladesh,0,0
3,2/4/20,0,India,1,0
0,2/4/20,0,Pakistan,0,0
1,2/4/20,0,Sri Lanka,0,0
0,2/4/20,0,Egypt,0,0
0,2/4/20,0,Indonesia,0,0
0,2/4/20,0,Brazil,0,0
0,2/3/20,0,Pakistan,0,0
2,2/3/20,0,India,0,0
0,2/3/20,0,Indonesia,0,0
0,2/3/20,0,Brazil,0,0
1,2/3/20,0,Sri Lanka,0,0
0,2/3/20,0,Bangladesh,0,0
0,2/3/20,0,Egypt,0,0
0,2/2/20,0,Brazil,0,0
1,2/2/20,0,Sri Lanka,0,0
2,2/2/20,0,India,1,0
0,2/2/20,0,Pakistan,0,0
0,2/2/20,0,Egypt,0,0
0,2/2/20,0,Indonesia,0,0
0,2/2/20,0,Bangladesh,0,0
0,2/1/20,0,Pakistan,0,0
1,2/1/20,0,India,0,0
0,2/1/20,0,Indonesia,0,0
0,2/1/20,0,Bangladesh,0,0
0,2/1/20,0,Egypt,0,0
0,2/1/20,0,Brazil,0,0
1,2/1/20,0,Sri Lanka,0,0
0,1/31/20,0,Pakistan,0,0
1,1/31/20,0,India,0,0
0,1/31/20,0,Indonesia,0,0
0,1/31/20,0,Egypt,0,0
0,1/31/20,0,Bangladesh,0,0
1,1/31/20,0,Sri Lanka,0,0
0,1/31/20,0,Brazil,0,0
1,1/30/20,0,India,1,0
1,1/30/20,0,Sri Lanka,0,0
0,1/30/20,0,Pakistan,0,0
0,1/30/20,0,Brazil,0,0
0,1/30/20,0,Bangladesh,0,0
0,1/30/20,0,Indonesia,0,0
0,1/30/20,0,Egypt,0,0
0,1/29/20,0,India,0,0
0,1/29/20,0,Bangladesh,0,0
0,1/29/20,0,Pakistan,0,0
1,1/29/20,0,Sri Lanka,0,0
0,1/29/20,0,Egypt,0,0
0,1/29/20,0,Brazil,0,0
0,1/29/20,0,Indonesia,0,0
0,1/28/20,0,Pakistan,0,0
0,1/28/20,0,India,0,0
1,1/28/20,0,Sri Lanka,1,0
0,1/28/20,0,Indonesia,0,0
0,1/28/20,0,Egypt,0,0
0,1/28/20,0,Brazil,0,0
0,1/28/20,0,Bangladesh,0,0
0,1/27/20,0,Egypt,0,0
0,1/27/20,0,India,0,0
0,1/27/20,0,Brazil,0,0
0,1/27/20,0,Sri Lanka,0,0
0,1/27/20,0,Indonesia,0,0
0,1/27/20,0,Pakistan,0,0
0,1/27/20,0,Bangladesh,0,0
0,1/26/20,0,India,0,0
0,1/26/20,0,Sri Lanka,0,0
0,1/26/20,0,Pakistan,0,0
0,1/26/20,0,Brazil,0,0
0,1/26/20,0,Indonesia,0,0
0,1/26/20,0,Egypt,0,0
0,1/26/20,0,Bangladesh,0,0
0,1/25/20,0,Brazil,0,0
0,1/25/20,0,India,0,0
0,1/25/20,0,Bangladesh,0,0
0,1/25/20,0,Indonesia,0,0
0,1/25/20,0,Pakistan,0,0
0,1/25/20,0,Sri Lanka,0,0
0,1/25/20,0,Egypt,0,0
0,1/24/20,0,India,0,0
0,1/24/20,0,Sri Lanka,0,0
0,1/24/20,0,Brazil,0,0
0,1/24/20,0,Egypt,0,0
0,1/24/20,0,Pakistan,0,0
0,1/24/20,0,Indonesia,0,0
0,1/24/20,0,Bangladesh,0,0
0,1/23/20,0,India,0,0
0,1/23/20,0,Indonesia,0,0
0,1/23/20,0,Pakistan,0,0
0,1/23/20,0,Brazil,0,0
0,1/23/20,0,Sri Lanka,0,0
0,1/23/20,0,Bangladesh,0,0
0,1/23/20,0,Egypt,0,0
0,1/22/20,0,India,0,0
0,1/22/20,0,Pakistan,0,0
0,1/22/20,0,Indonesia,0,0
0,1/22/20,0,Sri Lanka,0,0
0,1/22/20,0,Egypt,0,0
0,1/22/20,0,Bangladesh,0,0
0,1/22/20,0,Brazil,0,0
0,1/21/20,0,India,0,0
0,1/21/20,0,Pakistan,0,0
0,1/21/20,0,Egypt,0,0
0,1/21/20,0,Indonesia,0,0
0,1/21/20,0,Brazil,0,0
0,1/21/20,0,Bangladesh,0,0
0,1/21/20,0,Sri Lanka,0,0
0,1/20/20,0,India,0,0
0,1/20/20,0,Bangladesh,0,0
0,1/20/20,0,Indonesia,0,0
0,1/20/20,0,Brazil,0,0
0,1/20/20,0,Sri Lanka,0,0
0,1/20/20,0,Pakistan,0,0
0,1/20/20,0,Egypt,0,0
0,1/19/20,0,India,0,0
0,1/19/20,0,Egypt,0,0
0,1/19/20,0,Brazil,0,0
0,1/19/20,0,Sri Lanka,0,0
0,1/19/20,0,Pakistan,0,0
0,1/19/20,0,Bangladesh,0,0
0,1/19/20,0,Indonesia,0,0
0,1/18/20,0,Egypt,0,0
0,1/18/20,0,India,0,0
0,1/18/20,0,Sri Lanka,0,0
0,1/18/20,0,Bangladesh,0,0
0,1/18/20,0,Brazil,0,0
0,1/18/20,0,Pakistan,0,0
0,1/18/20,0,Indonesia,0,0
0,1/17/20,0,Egypt,0,0
0,1/17/20,0,India,0,0
0,1/17/20,0,Brazil,0,0
0,1/17/20,0,Bangladesh,0,0
0,1/17/20,0,Pakistan,0,0
0,1/17/20,0,Indonesia,0,0
0,1/17/20,0,Sri Lanka,0,0
0,1/16/20,0,India,0,0
0,1/16/20,0,Bangladesh,0,0
0,1/16/20,0,Egypt,0,0
0,1/16/20,0,Pakistan,0,0
0,1/16/20,0,Brazil,0,0
0,1/16/20,0,Indonesia,0,0
0,1/16/20,0,Sri Lanka,0,0
0,1/15/20,0,India,0,0
0,1/15/20,0,Egypt,0,0
0,1/15/20,0,Bangladesh,0,0
0,1/15/20,0,Sri Lanka,0,0
0,1/15/20,0,Pakistan,0,0
0,1/15/20,0,Indonesia,0,0
0,1/15/20,0,Brazil,0,0
0,1/14/20,0,India,0,0
0,1/14/20,0,Pakistan,0,0
0,1/14/20,0,Egypt,0,0
0,1/14/20,0,Sri Lanka,0,0
0,1/14/20,0,Bangladesh,0,0
0,1/14/20,0,Indonesia,0,0
0,1/14/20,0,Brazil,0,0
0,1/13/20,0,Indonesia,0,0
0,1/13/20,0,India,0,0
0,1/13/20,0,Bangladesh,0,0
0,1/13/20,0,Brazil,0,0
0,1/13/20,0,Pakistan,0,0
0,1/13/20,0,Egypt,0,0
0,1/13/20,0,Sri Lanka,0,0
0,1/12/20,0,India,0,0
0,1/12/20,0,Egypt,0,0
0,1/12/20,0,Pakistan,0,0
0,1/12/20,0,Brazil,0,0
0,1/12/20,0,Sri Lanka,0,0
0,1/12/20,0,Bangladesh,0,0
0,1/12/20,0,Indonesia,0,0
0,1/11/20,0,India,0,0
0,1/11/20,0,Brazil,0,0
0,1/11/20,0,Egypt,0,0
0,1/11/20,0,Indonesia,0,0
0,1/11/20,0,Bangladesh,0,0
0,1/11/20,0,Pakistan,0,0
0,1/11/20,0,Sri Lanka,0,0
0,1/10/20,0,Indonesia,0,0
0,1/10/20,0,Sri Lanka,0,0
0,1/10/20,0,India,0,0
0,1/10/20,0,Bangladesh,0,0
0,1/10/20,0,Pakistan,0,0
0,1/10/20,0,Egypt,0,0
0,1/10/20,0,Brazil,0,0
0,1/9/20,0,India,0,0
0,1/9/20,0,Bangladesh,0,0
0,1/9/20,0,Brazil,0,0
0,1/9/20,0,Egypt,0,0
0,1/9/20,0,Indonesia,0,0
0,1/9/20,0,Sri Lanka,0,0
0,1/9/20,0,Pakistan,0,0
0,1/8/20,0,Brazil,0,0
0,1/8/20,0,India,0,0
0,1/8/20,0,Pakistan,0,0
0,1/8/20,0,Sri Lanka,0,0
0,1/8/20,0,Bangladesh,0,0
0,1/8/20,0,Egypt,0,0
0,1/8/20,0,Indonesia,0,0
0,1/7/20,0,Egypt,0,0
0,1/7/20,0,India,0,0
0,1/7/20,0,Sri Lanka,0,0
0,1/7/20,0,Pakistan,0,0
0,1/7/20,0,Brazil,0,0
0,1/7/20,0,Bangladesh,0,0
0,1/7/20,0,Indonesia,0,0
0,1/6/20,0,India,0,0
0,1/6/20,0,Pakistan,0,0
0,1/6/20,0,Brazil,0,0
0,1/6/20,0,Indonesia,0,0
0,1/6/20,0,Egypt,0,0
0,1/6/20,0,Bangladesh,0,0
0,1/6/20,0,Sri Lanka,0,0
0,1/5/20,0,India,0,0
0,1/5/20,0,Sri Lanka,0,0
0,1/5/20,0,Brazil,0,0
0,1/5/20,0,Egypt,0,0
0,1/5/20,0,Bangladesh,0,0
0,1/5/20,0,Indonesia,0,0
0,1/5/20,0,Pakistan,0,0
0,1/4/20,0,India,0,0
0,1/4/20,0,Egypt,0,0
0,1/4/20,0,Sri Lanka,0,0
0,1/4/20,0,Brazil,0,0
0,1/4/20,0,Indonesia,0,0
0,1/4/20,0,Pakistan,0,0
0,1/4/20,0,Bangladesh,0,0
0,1/3/20,0,India,0,0
0,1/3/20,0,Pakistan,0,0
0,1/3/20,0,Egypt,0,0
0,1/3/20,0,Bangladesh,0,0
0,1/3/20,0,Brazil,0,0
0,1/3/20,0,Sri Lanka,0,0
0,1/3/20,0,Indonesia,0,0
0,1/2/20,0,India,0,0
0,1/2/20,0,Bangladesh,0,0
0,1/2/20,0,Pakistan,0,0
0,1/2/20,0,Indonesia,0,0
0,1/2/20,0,Sri Lanka,0,0
0,1/2/20,0,Egypt,0,0
0,1/2/20,0,Brazil,0,0
0,1/1/20,0,India,0,0
0,1/1/20,0,Pakistan,0,0
0,1/1/20,0,Bangladesh,0,0
0,1/1/20,0,Egypt,0,0
0,1/1/20,0,Indonesia,0,0
0,1/1/20,0,Brazil,0,0
0,1/1/20,0,Sri Lanka,0,0
0,12/31/19,0,India,0,0
0,12/31/19,0,Egypt,0,0
0,12/31/19,0,Indonesia,0,0
0,12/31/19,0,Brazil,0,0
0,12/31/19,0,Bangladesh,0,0
0,12/31/19,0,Sri Lanka,0,0
0,12/31/19,0,Pakistan,0,0